"","Year","Rank","DJ","Change"
"1",2004,1,"Tiësto","Re-entry"
"2",2005,1,"Paul van Dyk","Up 1"
"3",2006,1,"Paul van Dyk","Non Mover"
"4",2007,1,"Armin Van Buuren","Up 1"
"5",2008,1,"Armin Van Buuren","Non Mover"
"6",2009,1,"Armin Van Buuren","Non Mover"
"7",2010,1,"Armin Van Buuren","Non Mover"
"8",2011,1,"David Guetta","Up 1"
"9",2012,1,"Armin Van Buuren","Up 1"
"10",2013,1,"Hardwell","Up 5"
"11",2014,1,"Hardwell","Non Mover"
"12",2015,1,"Dimitri Vegas & Like Mike","Up 1"
"13",2016,1,"Martin Garrix","Up 2"
"14",2017,1,"Martin Garrix","Non Mover"
"15",2018,1,"Martin Garrix","Non Mover"
"16",2019,1,"Dimitri Vegas & Like Mike","Up 1 "
"17",2020,1,"David Guetta","Up 2"
"18",2021,1,"David Guetta","Non Mover"
"19",2004,2,"Paul van Dyk","Re-entry"
"20",2005,2,"Tiësto","Down 1"
"21",2006,2,"Armin Van Buuren","Up 1"
"22",2007,2,"Tiësto","Up 1"
"23",2008,2,"Tiësto","Non Mover"
"24",2009,2,"Tiësto","Non Mover"
"25",2010,2,"David Guetta","Up 1"
"26",2011,2,"Armin Van Buuren","Down 1"
"27",2012,2,"Tiësto","Up 1"
"28",2013,2,"Armin Van Buuren","Down 1"
"29",2014,2,"Dimitri Vegas & Like Mike","Up 4"
"30",2015,2,"Hardwell","Down 1"
"31",2016,2,"Dimitri Vegas & Like Mike","Down 1"
"32",2017,2,"Dimitri Vegas & Like Mike","Non Mover"
"33",2018,2,"Dimitri Vegas & Like Mike","Non Mover"
"34",2019,2,"Martin Garrix","Down 1"
"35",2020,2,"Dimitri Vegas & Like Mike","Down 1"
"36",2021,2,"Martin Garrix","Up 1"
"37",2004,3,"Armin Van Buuren","Re-entry"
"38",2005,3,"Armin Van Buuren","Non Mover"
"39",2006,3,"Tiësto","Down 1"
"40",2007,3,"John Digweed","Up 5"
"41",2008,3,"Paul van Dyk","Up 1"
"42",2009,3,"David Guetta","Up 2"
"43",2010,3,"Tiësto","Down 1"
"44",2011,3,"Tiësto","Non Mover"
"45",2012,3,"Avicii","Up 3"
"46",2013,3,"Avicii","Non Mover"
"47",2014,3,"Armin Van Buuren","Down 1"
"48",2015,3,"Martin Garrix","Up 1"
"49",2016,3,"Hardwell","Down 1"
"50",2017,3,"Armin Van Buuren","Up 1"
"51",2018,3,"Hardwell","Up 1"
"52",2019,3,"David Guetta","Up 2"
"53",2020,3,"Martin Garrix","Down 1"
"54",2021,3,"Armin Van Buuren","Up 1"
"55",2004,4,"Sasha","Re-entry"
"56",2005,4,"Sasha","Non Mover"
"57",2006,4,"Christopher Lawrence","Up 10"
"58",2007,4,"Paul van Dyk","Down 3"
"59",2008,4,"4 
  

Above & Beyond","Up 2"
"60",2009,4,"4 
  

Above & Beyond","Non Mover"
"61",2010,4,"Deadmau5","Up 2"
"62",2011,4,"Deadmau5","Non Mover"
"63",2012,4,"David Guetta","Down 3"
"64",2013,4,"Tiësto","Down 2"
"65",2014,4,"Martin Garrix","Up 36"
"66",2015,4,"Armin Van Buuren","Down 1"
"67",2016,4,"Armin Van Buuren","Non Mover"
"68",2017,4," Hardwell","Down 1"
"69",2018,4,"Armin Van Buuren","Down 1"
"70",2019,4,"Armin Van Buuren","Non Mover"
"71",2020,4,"Armin Van Buuren","Non Mover"
"72",2021,4,"Alok","Up 1"
"73",2004,5,"Ferry Corsten","Up 1"
"74",2005,5,"Ferry Corsten","Non Mover"
"75",2006,5,"DJ Dan","Up 19"
"76",2007,5,"Sasha","Up 2"
"77",2008,5,"David Guetta","Up 5"
"78",2009,5,"Paul van Dyk","Down 2"
"79",2010,5,"Above & Beyond","Down 1"
"80",2011,5,"Above & Beyond","Non Mover"
"81",2012,5,"Deadmau5","Down 1"
"82",2013,5,"David Guetta","Down 1"
"83",2014,5,"Tiësto","Down 1"
"84",2015,5,"Tiësto","Non Mover"
"85",2016,5,"Tiësto","Non Mover"
"86",2017,5,"Tiësto","Non Mover"
"87",2018,5,"David Guetta","Up 2"
"88",2019,5,"5 
  

Marshmello","Up 5"
"89",2020,5,"Alok","Up 6"
"90",2021,5," Dimitri Vegas & Like Mike","Down 3"
"91",2004,6,"Hernan Cattaneo","Up 16"
"92",2005,6,"John Digweed","Up 2"
"93",2006,6,"Ferry Corsten","Down 1"
"94",2007,6,"Above & Beyond","Up 3"
"95",2008,6,"Ferry Corsten","Up 2"
"96",2009,6,"Deadmau5","Up 5"
"97",2010,6,"Paul van Dyk","Down 1"
"98",2011,6,"Avicii","Up 33"
"99",2012,6,"Hardwell","Up 18"
"100",2013,6,"Dimitri Vegas & Like Mike","Up 32"
"101",2014,6,"Avicii","Down 3"
"102",2015,6,"David Guetta","Up 1"
"103",2016,6,"David Guetta","Non Mover"
"104",2017,6,"The Chainsmokers","Up 12"
"105",2018,6,"

 

DSC_0114 2.JPG 
 
 Tiësto","Down 1"
"106",2019,6,"Don Diablo ","Up 1"
"107",2020,6,"Don Diablo ","Non Mover"
"108",2021,6,"Afrojack","Up 1"
"109",2004,7,"Christopher Lawrence","Up 28"
"110",2005,7,"Hernan Cattaneo","Down 1"
"111",2006,7,"Sasha","Down 3"
"112",2007,7,"Carl Cox","Up 4"
"113",2008,7,"Sasha","Down 2"
"114",2009,7,"Ferry Corsten","Down 1"
"115",2010,7,"Gareth Emery","Up 2"
"116",2011,7,"Afrojack","Up 12"
"117",2012,7,"Dash Berlin","Up 1"
"118",2013,7,"Nicky Romero","Up 10"
"119",2014,7,"David Guetta","Down 2"
"120",2015,7,"Avicii","Down 1"
"121",2016,7,"Steve Aoki","Up 3"
"122",2017,7,"David Guetta","Down 1"
"123",2018,7,"Don Diablo ","Up 4"
"124",2019,7,"Oliver Heldens","Up 2"
"125",2020,7,"Afrojack-top100djs-2020 
 
 Afrojack","Up 2"
"126",2021,7,"Don Diablo ","Down 1"
"127",2004,8,"John Digweed","Down 3"
"128",2005,8,"Deep Dish"," Up 2"
"129",2006,8,"John Digweed","Down 2"
"130",2007,8,"Ferry Corsten","Down 2"
"131",2008,8,"Markus Schulz","Up 5"
"132",2009,8,"Markus Schulz","Non Mover"
"133",2010,8,"Markus Schulz","Non Mover"
"134",2011,8,"Dash Berlin","Up 7"
"135",2012,8,"Above & Beyond","Down 3"
"136",2013,8,"Steve Aoki","Up 7"
"137",2014,8,"Nicky Romero","Down 1"
"138",2015,8,"Afrojack","Up 4"
"139",2016,8,"Oliver Heldens","Up 4"
"140",2017,8,"Afrojack","Up 2"
"141",2018,8,"Afrojack","Non Mover"
"142",2019,8,"Tiësto","Down 2"
"143",2020,8,"Oliver Heldens","Down 1"
"144",2021,8,"Oliver Heldens","Stay 8"
"145",2004,9,"Paul Oakenfold","Down 1"
"146",2005,9,"ATB","Up 4"
"147",2006,9,"Above & Beyond","Up 10"
"148",2007,9,"Infected Mushroom","Up 3"
"149",2008,9,"John Digweed","Down 6"
"150",2009,9,"Gareth Emery","Up 14"
"151",2010,9,"Ferry Corsten","Down 2"
"152",2011,9,"Markus Schulz","Down 1"
"153",2012,9,"Afrojack","Down 2"
"154",2013,9,"Afrojack","Non Mover"
"155",2014,9,"Skrillex","Up 2"
"156",2015,9,"Skrillex","Non Mover"
"157",2016,9,"Skrillex","Non Mover"
"158",2017,9,"Steve Aoki","Down 2"
"159",2018,9,"Oliver Heldens","Up 4"
"160",2019,9,"Afrojack","Down 1"
"161",2020,9,"Steve Aoki","Up 1"
"162",2021,9,"Timmy Trumpet","Up 1"
"163",2004,10,"Deep Dish","Re-entry"
"164",2005,10,"Carl Cox","Up 1"
"165",2006,10,"Deep Dish","Down 2"
"166",2007,10,"David Guetta","Up 21"
"167",2008,10,"Infected Mushroom","Down 1"
"168",2009,10,"Sander Van Doorn","Up 3"
"169",2010,10,"Axwell","Up 4"
"170",2011,10,"Swedish House Mafia","Up 13"
"171",2012,10,"Skrillex","Up 9"
"172",2013,10,"Dash Berlin","Down 3"
"173",2014,10,"Steve Aoki","Down 2"
"174",2015,10,"Steve Aoki","Non Mover"
"175",2016,10,"Afrojack","Down 2"
"176",2017,10,"Marshmello","Up 18"
"177",2018,10,"Marshmello","Non Mover"
"178",2019,10,"Steve Aoki","Up 1"
"179",2020,10,"Timmy Trumpet","Up 3"
"180",2021,10,"Steve Aoki","Down 1"
"181",2004,11,"Carl Cox","Down 4"
"182",2005,11,"Paul Oakenfold","Down 2"
"183",2006,11,"Carl Cox","Down 1"
"184",2007,11,"Deep Dish","Down 1"
"185",2008,11,"Deadmau5","New Entry 1"
"186",2009,11,"ATB","Up 14"
"187",2010,11,"ATB","Non Mover"
"188",2011,11,"Paul van Dyk","Down 5"
"189",2012,11,"Headhunterz","Up 6"
"190",2013,11,"Skrillex","Down 1"
"191",2014,11,"Calvin Harris","Up 4"
"192",2015,11,"Calvin Harris","Non Mover"
"193",2016,11,"Avicii","Down 4"
"194",2017,11,"Don Diablo ","Up 4"
"195",2018,11,"Steve Aoki","Down 2"
"196",2019,11,"Alok","Up 2"
"197",2020,11,"Marshmello","Down 6"
"198",2021,11,"KSHMR","Up 1"
"199",2004,12,"Sander Kleinenberg","Up 1"
"200",2005,12,"Richie Hawtin","Up 32"
"201",2006,12,"Infected Mushroom","Up 14"
"202",2007,12,"Paul Oakenfold","Up 2"
"203",2008,12,"Carl Cox","Down 5"
"204",2009,12,"Infected Mushroom","Down 2"
"205",2010,12,"Sander Van Doorn","Down 2"
"206",2011,12,"Axwell","Down 2"
"207",2012,12,"Swedish House Mafia","Down 2"
"208",2013,12,"Deadmau5","Down 7"
"209",2014,12,"Afrojack","Down 3"
"210",2015,12,"Oliver Heldens","Up 22"
"211",2016,12,"KSHMR","Up 11"
"212",2017,12,"KSHMR","Non Mover"
"213",2018,12,"R3hab","Up 6"
"214",2019,12,"Hardwell","Down 9"
"215",2020,12,"KSHMR","Up 3"
"216",2021,12,"R3hab","Up 1"
"217",2004,13,"ATB","Up 34"
"218",2005,13,"James Zabiela","Up 2"
"219",2006,13,"ATB","Down 4"
"220",2007,13,"Markus Schulz","Up 6"
"221",2008,13,"Sander Van Doorn","Up 2"
"222",2009,13,"Sasha","Down 6"
"223",2010,13,"Infected Mushroom","Down 1"
"224",2011,13,"Gareth Emery","Down 6"
"225",2012,13,"Markus Schulz","Down 4"
"226",2013,13,"Alesso","Up 7"
"227",2014,13,"Blasterjaxx","Up 58"
"228",2015,13,"Alesso","Up 2"
"229",2016,13,"W&W","Up 1"
"230",2017,13,"Oliver Heldens","Down 5"
"231",2018,13,"Alok","Up 6"
"232",2019,13,"Timmy Trumpet","Up 20"
"233",2020,13,"R3hab","Up 1"
"234",2021,13,"Marshmello","Down 2"
"235",2004,14,"Judge Jules","Down 5"
"236",2005,14,"Christopher Lawrence","Down 7"
"237",2006,14,"Paul Oakenfold","Down 3"
"238",2007,14,"Hernan Cattaneo","Up 1"
"239",2008,14,"Paul Oakenfold","Down 2"
"240",2009,14,"Axwell","Up 6"
"241",2010,14,"Steve Angello","Up 6"
"242",2011,14,"Fedde Le Grand","Up 5"
"243",2012,14,"Gareth Emery","Down 1"
"244",2013,14,"W&W","Up 11"
"245",2014,14,"Dash Berlin","Down 4"
"246",2015,14,"W&W","Up 4"
"247",2016,14,"Calvin Harris","Down 3"
"248",2017,14,"W&W","Down 1"
"249",2018,14,"W&W","Non Mover"
"250",2019,14,"R3hab","Down 2"
"251",2020,14,"W&W","Up 4"
"252",2021,14,"W&W","Non Mover"
"253",2004,15,"James Zabiela","Down 4"
"254",2005,15,"Judge Jules","Down 1"
"255",2006,15,"Hernan Cattaneo","Down 8"
"256",2007,15,"Sander Van Doorn","Up 15"
"257",2008,15,"Richie Hawtin","Up 4"
"258",2009,15,"Andy Moor","Up 3"
"259",2010,15,"Dash Berlin","New Entry"
"260",2011,15,"ATB","Down 4"
"261",2012,15,"Steve Aoki","Up 27"
"262",2013,15,"Calvin Harris","Up 16"
"263",2014,15,"Alesso","Down 2"
"264",2015,15,"Dash Berlin","Down 1"
"265",2016,15,"Don Diablo ","Up 15"
"266",2017,15,"Calvin Harris","Down 1"
"267",2018,15,"Avicii","Up 13"
"268",2019,15,"KSHMR","Up 3"
"269",2020,15,"Skrillex","Up 6"
"270",2021,15,"Tiësto","Up 1"
"271",2004,16,"Marco V","Down 1"
"272",2005,16,"Marco V","Re-entry"
"273",2006,16,"Judge Jules","Down 1"
"274",2007,16,"Eddie Halliwell","Up 1"
"275",2008,16,"Hernan Cattaneo","Down 2"
"276",2009,16,"Bobina","Up 12"
"277",2010,16,"Sebastian Ingrosso","Up 9"
"278",2011,16,"Sander Van Doorn","Down 4"
"279",2012,16,"Paul van Dyk","Down 5"
"280",2013,16,"Nervo","Up 30"
"281",2014,16,"Deadmau5","Down 4"
"282",2015,16,"DVBBS","Up 4"
"283",2016,16,"Axwell & Ingrosso"," Up 1"
"284",2017,16,"Skrillex","Down 7"
"285",2018,16,"DVBBS","Up 6"
"286",2019,16,"DJ Snake","Up 8"
"287",2020,16,"Tiësto","Down 8"
"288",2021,16,"Calvin Harris","Up 2"
"289",2004,17,"Roger Sanchez","Up 4"
"290",2005,17,"Eddie Halliwell","Up 8"
"291",2006,17,"Eddie Halliwell","Re-entry"
"292",2007,17,"James Zabiela","Up 4"
"293",2008,17,"James Zabiela","Stay 2"
"294",2009,17,"John Digweed","Down 8"
"295",2010,17,"Laidback Luke","Up 10"
"296",2011,17,"Headhunterz","Up 17"
"297",2012,17,"Nicky Romero","New Entry"
"298",2013,17,"Above & Beyond","Down 9"
"299",2014,17,"Showtek","Up 10"
"300",2015,17,"Axwell & Ingrosso","Non Mover"
"301",2016,17,"Dash Berlin","Down 2"
"302",2017,17,"Alan Walker","Up 38"
"303",2018,17,"Lost Frequencies","Up 9"
"304",2019,17,"Eric Prydz","Up 3"
"305",2020,17,"Hardwell","Down 5"
"306",2021,17,"Vintage Culture","Up 13"
"307",2004,18,"Benny Benassi","New Entry"
"308",2005,18,"Erick Morillo","Up 4"
"309",2006,18,"Marco V","Down 2"
"310",2007,18,"Astrix","Up 23"
"311",2008,18,"Andy Moor","Up 12"
"312",2009,18,"Carl Cox","Down 6"
"313",2010,18,"Judge Jules","Up 26"
"314",2011,18,"Ferry Corsten","Down 9"
"315",2012,18,"Sander Van Doorn","Down 2"
"316",2013,18,"Sebastian Ingrosso","Up 16"
"317",2014,18,"W&W","Down 4"
"318",2015,18,"Nicky Romero","Down 10"
"319",2016,18,"The Chainsmokers","Re-entry"
"320",2017,18,"R3hab","Up 3"
"321",2018,18,"KSHMR","Down 6"
"322",2019,18,"W & W","Down 4"
"323",2020,18,"Calvin Harris","Up 1"
"324",2021,18,"Nervo","Up 2"
"325",2004,19,"Tall Paul","Re-entry"
"326",2005,19,"Above & Beyond","Up 20"
"327",2006,19,"Markus Schulz","Up 2"
"328",2007,19,"Richie Hawtin","Up 14"
"329",2008,19,"Eddie Halliwell","Down 3"
"330",2009,19,"Cosmic Gate","Up 43"
"331",2010,19,"Afrojack","New Entry"
"332",2011,19,"Skrillex","New Entry"
"333",2012,19,"Aly & Fila","Up 3"
"334",2013,19,"Axwell","Up 4"
"335",2014,19,"Deorro","New Entry"
"336",2015,19,"Blasterjaxx","Down 6"
"337",2016,19,"Ummet Ozcan","Up 17"
"338",2017,19,"Alok","Up 6"
"339",2018,19,"Vintage Culture","Up 12"
"340",2019,19,"Calvin Harris","Up 21"
"341",2020,19,"Above & Beyond","Up 3"
"342",2021,19,"Fedde Le Grand","Up 4"
"343",2004,20,"Danny Howells","Down 8"
"344",2005,20,"Sander Kleinenberg","Down 8"
"345",2006,20,"Gabriel & Dresden","Up 9"
"346",2007,20,"Marco V","Down 2"
"347",2008,20,"Axwell","Up 13"
"348",2009,20,"Steve Angello","Up 43"
"349",2010,20,"Aly & Fila","Up 2"
"350",2011,20,"Laidback Luke","Down 3"
"351",2012,20,"Alesso","Up 50"
"352",2013,20,"Aly & Fila","Down 1"
"353",2014,20,"DVBBS","New Entry"
"354",2015,20,"Diplo","Up 12"
"355",2016,20,"Alesso","Down 7"
"356",2017,20,"Dash Berlin","Down 3"
"357",2018,20,"Eric Prydz","Up 14"
"358",2019,20,"Lost Frequencies","Down 3"
"359",2020,20,"Nervo","Up 4"
"360",2021,20,"Vini Vici","Up 4"
"361",2004,21,"Steve Lawler","Down 7"
"362",2005,23,"Sven Väth","Up 11"
"363",2006,21,"James Zabiela","Down 8"
"364",2007,21,"Judge Jules","Down 5"
"365",2008,21,"Eric Prydz","Up 15"
"366",2009,21,"Roger Shah","Up 37"
"367",2010,21,"Fedde Le Grand","Up 8"
"368",2011,21,"Infected Mushroom","Down 8"
"369",2012,21,"ATB","Down 6"
"370",2013,21,"Markus Schulz","Down 8"
"371",2014,21,"Nervo","Down 5"
"372",2015,21,"R3hab","Up 2"
"373",2016,21,"R3hab","Non Mover"
"374",2017,21,"Axwell ","\ Ingrosso"
"375",2018,21,"Skrillex","Down 5"
"376",2019,21,"Skrillex","Non Mover"
"377",2020,21,"Lost Frequencies","Down 1"
"378",2021,21,"Above & Beyond","Down 2"
"379",2004,22,"Erick Morillo","Down 6"
"380",2005,24,"DJ Dan","Re-entry"
"381",2006,22,"John Acquaviva","New Entry"
"382",2007,22,"Fedde Le Grand","New Entry"
"383",2008,22,"Kyau & Albert","Up 35"
"384",2009,22,"Aly & Fila","Up 9"
"385",2010,22,"Carl Cox","Down 4"
"386",2011,22,"Aly & Fila","Down 2"
"387",2012,22,"Ferry Corsten","Down 4"
"388",2013,22,"Daft Punk","Up 22"
"389",2014,22,"Zedd","Up 2"
"390",2015,22,"Zedd","Non Mover"
"391",2016,22,"DJ Snake","Up 10"
"392",2017,22,"DVBBS","Up 2"
"393",2018,22,"Fedde Le Grand","Up 17"
"394",2019,22,"Above & Beyond","Up 29"
"395",2020,22,"Eric Prydz","Down 5"
"396",2021,22,"Alan Walker","Up 4"
"397",2004,23,"Chris Liebing","Up 65"
"398",2005,25,"Danny Howells","Down 5"
"399",2006,23,"Flash Brothers","Up 43"
"400",2007,23,"Gabriel & Dresden","Down 3"
"401",2008,23,"Gareth Emery","Up 8"
"402",2009,23,"Paul Oakenfold","Down 9"
"403",2010,23,"Swedish House Mafia","New Entry"
"404",2011,23,"Steve Angello","Down 9"
"405",2012,23,"Axwell","Down 11"
"406",2013,23,"Headhunterz","Down 12"
"407",2014,23,"R3hab","Up 35"
"408",2015,23,"KSHMR","New Entry"
"409",2016,23,"Diplo","Down 3"
"410",2017,23,"DJ Snake","Down 1"
"411",2018,23,"Ummet Ozcan","Up 15"
"412",2019,23,"DVBBS","Down 7"
"413",2020,23,"Fedde Le Grand","Up 7"
"414",2021,23,"Charlotte de Witte","Up 9"
"415",2004,24,"DJ Dan","Re-entry"
"416",2005,NA,"New Entry",NA
"417",2006,24,"DJ Amadeus","New Entry"
"418",2007,24,"Erick Morillo","Up 1"
"419",2008,24,"Sven Väth","Up 3"
"420",2009,24,"John O'Callaghan","Up 36"
"421",2010,24,"Cosmic Gate","Down 4"
"422",2011,24,"Hardwell","New Entry"
"423",2012,24,"Dada Life","Up 14"
"424",2013,24,"Zedd","Up 27"
"425",2014,NA,"Up 4",NA
"426",2015,24,"Nervo","Down 3"
"427",2016,24,"DVBBS","Down 8"
"428",2017,24,"Kygo","Up 2"
"429",2018,24,"DJ Snake","Down 1"
"430",2019,24,"Nervo","Up 3"
"431",2020,24,"Vini Vici","Up 7"
"432",2021,24,"Skrillex","Down 9"
"433",2004,25,"Eddie Halliwell","Down 5"
"434",2005,27,"Roger Sanchez","Down 10"
"435",2006,25,"Erick Morillo","Down 7"
"436",2007,25,"Roger Sanchez","Up 17"
"437",2008,25,"ATB","Up 1"
"438",2009,25,"Sebastian Ingrosso","New Entry"
"439",2010,25,"Bobina","Down 9"
"440",2011,25,"Arty","Up 53"
"441",2012,25,"W&W","Up 11"
"442",2013,25,"Knife Party","Up 8"
"443",2014,25,"Above & Beyond","Down 8"
"444",2015,25,"Deadmau5","Down 9"
"445",2016,25,"Alok","Up 19"
"446",2017,25,"Diplo","Down 2"
"447",2018,25,"Quintino","Up 5"
"448",2019,25,"Quintino","Non Mover"
"449",2020,25,"DJ Snake","Down 9"
"450",2021,25,"Lost Frequencies","Down 4"
"451",2004,26,"Andy C","Up 45"
"452",2005,28,"Mauro Picotto","Down 1"
"453",2006,26,"Benny Benassi","Down 4"
"454",2007,26,"ATB","Down 13"
"455",2008,26,"Anderson Noise","Up 28"
"456",2009,26,"Benny Benassi","Up 13"
"457",2010,26,"Benny Benassi","Non Mover"
"458",2011,26,"Sebastian Ingrosso","Down 10"
"459",2012,26,"Fedde Le Grand","Down 12"
"460",2013,26,"Swedish House Mafia","Down 14"
"461",2014,26,"Steve Angello","Up 12"
"462",2015,26,"Dannic","Up 4"
"463",2016,26,"Kygo","Up 7"
"464",2017,26,"Lost Frequencies","New Entry"
"465",2018,26,"VINAI","Up 6"
"466",2019,26,"The Chainsmokers","Up 5"
"467",2020,26,"Alan Walker","Up 1"
"468",2021,26,"Nicky Romero","Up 5"
"469",2004,27,"Mauro Picotto","Down 10"
"470",2005,29,"Gabriel & Dresden","Up 12"
"471",2006,27,"Sander Kleinenberg","Down 7"
"472",2007,27,"Sven Väth","Up 17"
"473",2008,27,"Joachim Garraud","New Entry 28"
"474",2009,27,"Laidback Luke","Up 19"
"475",2010,27,"Sasha","Down 14"
"476",2011,27,"Benny Benassi","Down 1"
"477",2012,27,"Noisecontrollers","Up 8"
"478",2013,27,"Showtek","Re-entry"
"479",2014,27,"Dyro","Up 3"
"480",2015,27,"Dyro","Non Mover"
"481",2016,27,"Swanky Tunes","Up 70"
"482",2017,27,"Above & Beyond","Up 20"
"483",2018,27,"Nervo","Up 15"
"484",2019,27,"Alan Walker","Up 9"
"485",2020,27,"The Chainsmokers","Down 1"
"486",2021,27,"Carl Cox","Up 7"
"487",2004,28,"Johan Gielen","Down 4"
"488",2005,30,"Steve Lawler","Down 9"
"489",2006,28,"DJ Yahel","Up 17"
"490",2007,28,"Yahel","Non Mover"
"491",2008,28,"Bobina","New Entry 28"
"492",2009,28,"Richie Hawtin","Down 13"
"493",2010,28,"Simon Patterson","Up 14"
"494",2011,28,"Daft Punk","Up 16"
"495",2012,28,"Arty","Down 3"
"496",2013,28,"Andrew Rayel","Up 49"
"497",2014,28,"Aly & Fila","Down 8"
"498",2015,28,"Deorro","Down 9"
"499",2016,28,"Marshmello","New Entry"
"500",2017,28,"Avicii","Down 17"
"501",2018,28,"Headhunterz","Up 5"
"502",2019,28,"VINAI","Down 2"
"503",2020,28,"Kygo","Up 24"
"504",2021,28,"Bassjackers","Up 1"
"505",2004,29,"Lady Dana","Up 26"
"506",2005,31,"Blank & Jones","Up 7"
"507",2006,29,"Offer Nissim","New Entry"
"508",2007,29,"Umek","Up 53"
"509",2008,29,"Fedde Le Grand","Down 7"
"510",2009,29,"Fedde Le Grand","Non Mover"
"511",2010,29,"John Digweed","Down 12"
"512",2011,29,"Martin Solveig","Up 26"
"513",2012,29,"Laidback Luke","Down 9"
"514",2013,29,"Fedde Le Grand","Down 3"
"515",2014,29,"Axwell","Down 10"
"516",2015,29,"Above & Beyond","Down 4"
"517",2016,29,"Nicky Romero","Down 11"
"518",2017,29,"Zedd","Up 6"
"519",2018,29,"Angerfist","Up 11"
"520",2019,29,"Headhunterz","Down 1"
"521",2020,29,"Bassjackers","Up 5"
"522",2021,29,"The Chainsmokers","Down 2"
"523",2004,30,"Lisa Lashes","Down 4"
"524",2005,32,"Yoji Biomehanika","Up 1"
"525",2006,30,"Andy Moor","Up 16"
"526",2007,31,"Gareth Emery","Up 3"
"527",2008,30,"Dubfire","New Entry 7"
"528",2009,30,"DJ Feel","Up 25"
"529",2010,30,"Eric Prydz","Up 4"
"530",2011,30,"Kaskade","Up 5"
"531",2012,30,"Kaskade","Non Mover"
"532",2013,30,"Dyro","New Entry"
"533",2014,30,"Dannic","Up 44"
"534",2015,30,"Don Diablo ","Up 52"
"535",2016,30,"Steve Angello","Up 1"
"536",2017,30,"Quintino","Up 2"
"537",2018,30,"Bassjackers","Up 5"
"538",2019,30,"Fedde Le Grand","Down 8"
"539",2020,30,"Vintage Culture","Up 17"
"540",2021,30,"Quintino","Up 3"
"541",2004,31,"Adam Freeland","Up 5"
"542",2005,33,"Chris Liebing","Down 10"
"543",2006,31,"David Guetta","Up 8"
"544",2007,32,"Benny Benassi","Down 6"
"545",2008,31,"Aly & Fila","New Entry 7"
"546",2009,31,"Lange","Up 6"
"547",2010,31,"Richie Hawtin","Down 3"
"548",2011,31,"Carl Cox","Down 9"
"549",2012,31,"Calvin Harris","Up 3"
"550",2013,31,"Laidback Luke","Down 2"
"551",2014,31,"Ummet Ozcan","Up 68"
"552",2015,31,"Steve Angello","Down 5"
"553",2016,31,"Deadmau5","Down 6"
"554",2017,31,"Vintage Culture","Up 23"
"555",2018,31,"The Chainsmokers","Down 25"
"556",2019,31,"Vini Vici","Up 3"
"557",2020,31,"Nicky Romero","Up 6"
"558",2021,31,"Eric Prydz","Down 9"
"559",2004,32,"Markus Schulz","New Entry"
"560",2005,34,"Danny Tenaglia","Up 6"
"561",2006,32,"Sander Van Doorn","New Entry"
"562",2007,33,"Axwell","Up 60"
"563",2008,32,"Judge Jules","Down 11"
"564",2009,32,"Hernan Cattaneo","Down 16"
"565",2010,32,"Andy Moor","Down 17"
"566",2011,32,"Chuckie","Up 5"
"567",2012,32,"Orjan Nilsen","Up 17"
"568",2013,32,"Paul van Dyk","Down 16"
"569",2014,32,"Diplo","Up 32"
"570",2015,32,"DJ Snake","Up 33"
"571",2016,32,"Quintino","Up 48"
"572",2017,32,"VINAI","Up 5"
"573",2018,32,"Kygo","Down 8"
"574",2019,32,"Ummet Ozcan","Down 9"
"575",2020,32,"Charlotte de Witte","Up42"
"576",2021,32,"Claptone","Up 9"
"577",2004,33,"Yoji Biomehanika","Up 37"
"578",2005,35,"Nick Warren","Up 8"
"579",2006,33,"Richie Hawtin","Down 21"
"580",2007,34,"Mauro Picotto","Up 37"
"581",2008,33,"Umek","Down 4"
"582",2009,33,"Daft Punk","Up 5"
"583",2010,33,"John O'Callaghan","Down 9"
"584",2011,33,"Bob Sinclair","Up 5"
"585",2012,33,"Knife Party","New Entry"
"586",2013,33,"ATB","Down 12"
"587",2014,33,"Krewella","Up 11"
"588",2015,33,"Kygo","New Entry"
"589",2016,33,"DJ Chetas","Up 26"
"590",2017,33,"Headhunterz","Up 3"
"591",2018,33,"Timmy Trumpet","Up 10"
"592",2019,33,"Angerfist","Down 4"
"593",2020,33,"Quintino","Down 8"
"594",2021,33,"DJ Snake","Down 8"
"595",2004,34,"Sven Väth","Up 7"
"596",2005,36,"Dave Clarke","Up 1"
"597",2006,34,"Gareth Emery","New Entry"
"598",2007,35,"Sander Kleinenberg","Down 8"
"599",2008,34,"Matt Darey","Up 25"
"600",2009,34,"Eric Prydz","Down 13"
"601",2010,34,"Roger Shah","Down 13"
"602",2011,34,"Calvin Harris","Up 60"
"603",2012,34,"Sebastian Ingrosso","Down 8"
"604",2013,34,"Angerfist","Up 8"
"605",2014,34,"Oliver Heldens","New Entry"
"606",2015,34,"Yves V","Up 21"
"607",2016,34,"Bassjackers","Up 5"
"608",2017,34,"Eric Prydz","Up 32"
"609",2018,34,"Vini Vici","Up 38"
"610",2019,34,"Bassjackers","Down 4"
"611",2020,34,"Carl Cox","Up 1"
"612",2021,34,"Danny Avila","Up 4"
"613",2004,35,"Bad Boy Bill","Up 37"
"614",2005,37,"James Holden","Down 1"
"615",2006,35,"Phil Kieran","New Entry"
"616",2007,36,"Eric Prydz","New Entry"
"617",2008,35,"Ricky Stone","Up 33"
"618",2009,35,"Bob Sinclair","Up 5"
"619",2010,35,"Kaskade","Up 16"
"620",2011,35,"Noisecontrollers","Up 55"
"621",2012,35,"Chuckie","Down 3"
"622",2013,35,"Dada Life","Down 11"
"623",2014,35,"Fedde Le Grand","Down 6"
"624",2015,35,"Fedde Le Grand","Non Mover"
"625",2016,35,"Zedd","Down 13"
"626",2017,NA,"35","Bassjackers"
"627",2018,35,"Wolfpack","Up 6"
"628",2019,35,"Carl Cox","Up 18"
"629",2020,35,"Zedd","Up 15"
"630",2021,35,"ATB","Up 21"
"631",2004,36,"James Holden","Up 40"
"632",2005,38,"Mario Piu","Re-entry"
"633",2006,36,"Nick Warren","Down 1"
"634",2007,37,"Blank & Jones","Up 23"
"635",2008,36,"Ricardo Villalobos","Up 13"
"636",2009,36,"Joachim Garraud","Down 9"
"637",2010,36,"Headhunterz","New Entry"
"638",2011,36,"W&W","Up 36"
"639",2012,36,"Zatox","Up 11"
"640",2013,36,"Kaskade","Down 6"
"641",2014,36,"Vicetone","Up 24"
"642",2015,36,"Ummet Ozcan","Down 5"
"643",2016,36,"Headhunterz","Up 12"
"644",2017,36,"Blasterjaxx","Up 7"
"645",2018,36,"Alan Walker","Down 19"
"646",2019,36,"Blasterjaxx","Up 1"
"647",2020,36,"Angerfist","Down 3"
"648",2021,36,"Tujamo","Up 4"
"649",2004,37,"Dave Clarke","Down 6"
"650",2005,39,"David Guetta","New Entry"
"651",2006,37,"DJ Skazi","New Entry"
"652",2007,38,"Bad Boy Bill","Up 5"
"653",2008,37,"Lange","Up 18"
"654",2009,37,"Kyau & Albert","Down 15"
"655",2010,37,"Chuckie","Up 35"
"656",2011,37,"Pete Tha Zouk","Up 44"
"657",2012,37,"Coone","Up 4"
"658",2013,37,"Frontliner","Up42"
"659",2014,37,"Angerfist","Down 3"
"660",2015,37,"Showtek","Down 20"
"661",2016,37,"VINAI","Up 6"
"662",2017,37,"Alesso","Down 17"
"663",2018,37,"Blasterjaxx","Down 1"
"664",2019,37,"Nicky Romero","Up 6"
"665",2020,37,"Diplo","Up 30"
"666",2021,37,"Carnage","GORDO"
"667",2004,38,"Blank & Jones","Up 35"
"668",2005,40,"DJ Vibe","Up 40"
"669",2006,38,"Steve Lawler","Down 8"
"670",2007,39,"Pete Tong","Up 18"
"671",2008,38,"Daft Punk","Up 33"
"672",2009,38,"James Zabiela","Down 21"
"673",2010,38,"Bob Sinclair","Down 3"
"674",2011,38,"Dada Life","Up 38"
"675",2012,38,"Dimitri Vegas & Like Mike","Up 41"
"676",2013,38,"Steve Angello","Up 19"
"677",2014,38,"Paul van Dyk","Down 6"
"678",2015,38,"Angerfist","Down 1"
"679",2016,38,"Florian Picasso","New Entry"
"680",2017,38,"Ummet Ozcan","Down 19"
"681",2018,38,"Danny Avila","Up 14"
"682",2019,38,"Wolfpack","Down 3"
"683",2020,38,"Danny Avila","Up 3"
"684",2021,38,"Peggy Gou","Up 31"
"685",2004,39,"Above & Beyond","Re-entry"
"686",2005,41,"Kai Tracid","Up 28"
"687",2006,39,"D-Formation","New Entry

 
  40"
"688",2007,40,"DJ Vibe","Up 7"
"689",2008,39,"Benny Benassi","Down 7"
"690",2009,39,"Umek","Down 6"
"691",2010,39,"Avicii","New Entry"
"692",2011,39,"Angerfist","New Entry"
"693",2012,39,"Cosmic Gate","Up 4"
"694",2013,39,"Sander Van Doorn","Down 21"
"695",2014,39,"Sebastian Ingrosso","Down 21"
"696",2015,39,"Bassjackers","New Entry"
"697",2016,39,"Galantis","Up 59"
"698",2017,39,"Fedde Le Grand","Up 11"
"699",2018,39,"Kura","Up 9"
"700",2019,39,"ATB","Up 10"
"701",2020,39,"VINAI","Down 11"
"702",2021,39,"MORTEN","New Entry"
"703",2004,40,"Danny Tenaglia","Down 22"
"704",2005,42,"Bad Boy Bill","Down 7"
"705",2006,41,"Astrix","Up 34"
"706",2007,41,"Tiga","Up 9"
"707",2008,40,"Bob Sinclair","Up 23"
"708",2009,40,"Christopher Lawrence","Re-entry"
"709",2010,40,"Kyau & Albert","Down 3"
"710",2011,40,"D-Block & S-te-Fan","Up 33"
"711",2012,40,"Porter Robinson","Up 56"
"712",2013,40,"Martin Garrix","New Entry"
"713",2014,40,"Headhunterz","Down 17"
"714",2015,40,"Andrew Rayel","Down 16"
"715",2016,40,"Jack U","Up 5"
"716",2017,40,"Angerfist","Up 6"
"717",2018,40,"Calvin Harris","Down 25"
"718",2019,40,"Kura","Down 1"
"719",2020,40,"Tujamo","Up 3"
"720",2021,40,"Mariana Bo","Up 4"
"721",2004,41,"Gabriel & Dresden","Up 1"
"722",2005,43,"Tall Paul","Down 24"
"723",2006,42,"Roger Sanchez","Down 15"
"724",2007,42,"Steve Lawler","Down 4"
"725",2008,41,"Deep Dish","Down 30"
"726",2009,41,"Eddie Halliwell","Down 22"
"727",2010,41,"DJ Feel","Down 11"
"728",2011,41,"Coone","New Entry"
"729",2012,41,"Wildstylez","Up 39"
"730",2013,41,"Porter Robinson","Down 1"
"731",2014,41,"Borgore","New Entry"
"732",2015,41,"Paul van Dyk","Down 3"
"733",2016,41,"Aly & Fila","Up 1"
"734",2017,41,"Wolfpack","Up 22"
"735",2018,41,"Axwell ","\ Ingrosso"
"736",2019,41,"Danny Avila","Down 3"
"737",2020,41,"Claptone","Up 12"
"738",2021,41,"Paul van Dyk","Up 9"
"739",2004,43,"Nick Warren","Down 15"
"740",2005,44,"Tiga","New Entry"
"741",2006,43,"Bad Boy Bill","Down 1"
"742",2007,43,"Danny Tenaglia","Up 15"
"743",2008,42,"Mark Knight","Up 9"
"744",2009,42,"Simon Patterson","Up 22"
"745",2010,42,"Moonbeam","Up 34"
"746",2011,42,"Steve Aoki","New Entry"
"747",2012,42,"Angerfist","Down 3"
"748",2013,42,"Ferry Corsten","Down 20"
"749",2014,42,"Kura","New Entry"
"750",2015,42,"Aly & Fila","Down 14"
"751",2016,42,"Shogun","Up 5"
"752",2017,42,"Nervo","Up 3"
"753",2018,42,"Diplo","Down 17"
"754",2019,42,"Swedish House Mafia","Up 21"
"755",2020,42,"MATTN","Up 9"
"756",2021,42,"Boris Brejcha","Up 18"
"757",2004,44,"Richie Hawtin","Down 11"
"758",2005,45,"DJ Yahel","Re-entry"
"759",2006,44,"Sven Väth","Down 21"
"760",2007,44,"Ronski Speed","Up 43"
"761",2008,43,"Astrix","Down 25"
"762",2009,43,"Offer Nissim","Up 8"
"763",2010,43,"Joachim Garraud","Down 7"
"764",2011,43,"Cosmic Gate","Down 19"
"765",2012,43,"Infected Mushroom","Down 22"
"766",2013,43,"Chuckie","Down 8"
"767",2014,43,"Daft Punk","Down 21"
"768",2015,43,"VINAI","Up 19"
"769",2016,43,"Blasterjaxx","Down 27"
"770",2017,43,"Timmy Trumpet","Up 37"
"771",2018,43,"Nicky Romero","Up 7"
"772",2019,43,"Tujamo","Up 3"
"773",2020,43,"Illenium","Up 21"
"774",2021,43,"Ummet Ozcan","Up 22"
"775",2004,45,"Laurent Garnier","Down 16"
"776",2005,46,"Andy Moor","New Entry
 

  47"
"777",2006,45,"The Thrillseekers","Re-entry"
"778",2007,45,"Nic Fanciulli","Re-entry"
"779",2008,44,"Marco V","Down 24"
"780",2009,44,"Judge Jules","Down 12"
"781",2010,44,"Daft Punk","Down 11"
"782",2011,44,"Bobina","Down 19"
"783",2012,44,"Daft Punk","Down 16"
"784",2013,44,"Krewella","New Entry"
"785",2014,44,"Markus Schulz","Down 23"
"786",2015,44,"Alok","New Entry"
"787",2016,44,"Major Lazer","Up 10"
"788",2017,44,"Radical Redemption","Up 24"
"789",2018,44,"Zedd","Down 15"
"790",2019,44,"Alison Wonderland","Up 52"
"791",2020,44,"Mariana Bo","Up 5"
"792",2021,44,"Amelie Lens","Up 15"
"793",2004,46,"Pete Tong","Down 21"
"794",2005,48,"Ricky Stone","New Entry"
"795",2006,46,"Donald Glaude","Up 22"
"796",2007,46,"Steve Angello","Up 20"
"797",2008,45,"The Thrillseekers","Up 7"
"798",2009,45,"Sean Tyas","Up 9"
"799",2010,45,"Lange","Down 14"
"800",2011,45,"Richie Hawtin","Down 14"
"801",2012,45,"Carl Cox","Down 14"
"802",2013,45,"Coone","Down 8"
"803",2014,45,"Frontliner","Down 8"
"804",2015,45,"Jack U","New Entry"
"805",2016,45,"Nervo","Down 21"
"806",2017,45,"Major Lazer","Down 1"
"807",2018,45,"Alesso","Down 8"
"808",2019,45,"Martin Jensen","Up 9"
"809",2020,45,"Alesso","Up 16"
"810",2021,45,"REZZ","Up 12"
"811",2004,47,"Jeff Mills ","Down 8"
"812",2005,49,"Pete Tong","Down 3"
"813",2006,47,"DJ Vibe","Down 7"
"814",2007,47,"Nick Warren","Down 11"
"815",2008,46,"Laidback Luke","New Entry 7"
"816",2009,46,"Dubfire","Down 16"
"817",2010,46,"Sean Tyas","Down 1"
"818",2011,46,"Eric Prydz","Down 16"
"819",2012,46,"Nervo","New Entry"
"820",2013,46,"Carl Cox","Down 1"
"821",2014,46,"Kaskade","Down 10"
"822",2015,46,"Tom Swoon","New Entry"
"823",2016,46,"Angerfist","Down 8"
"824",2017,46,"Tujamo","Up 32"
"825",2018,46,"Tujamo","Non Mover"
"826",2019,46,"Cat Dealers","Up 2"
"827",2020,46,"Headhunterz","Down 17"
"828",2021,46,"Angerfist","Down 10"
"829",2004,48,"Satoshi Tomiie","Down 14"
"830",2005,50,"Martin Garcia ","New Entry"
"831",2006,48,"Kyau & Albert","New Entry"
"832",2007,48,"Matt Hardwick","Up 16"
"833",2008,47,"Danny Tenaglia","Down 4"
"834",2009,47,"Martin Solveig","Up 5"
"835",2010,47,"Eddie Halliwell","Down 6"
"836",2011,47,"Zatox","New Entry"
"837",2012,47,"Pete Tha Zouk","Down 10"
"838",2013,47,"Bobina","Up 6"
"839",2014,47,"Brennan Heart","Up 14"
"840",2015,47,"Shogun","New Entry"
"841",2016,47,"Above & Beyond","Down 18"
"842",2017,47,"Tom Swoon","Up 9"
"843",2018,47,"Yellow Claw","Up 10"
"844",2019,47,"Vintage Culture","Down 28"
"845",2020,47,"Alison Wonderland","Down 3"
"846",2021,47,"Diego Miranda","Up 4"
"847",2004,49,"Misstress Barbara","Re-entry"
"848",2005,51,"Frank T.R.A.X","New Entry"
"849",2006,49,"Chris Liebing","Down 16"
"850",2007,49,"Ricardo Villalobos","Re-entry"
"851",2008,48,"Menno De Jong","Up 14"
"852",2009,48,"Sven Väth","Down 24"
"853",2010,48,"Erick Morillo","Up 11"
"854",2011,48,"tyDi","Up 8"
"855",2012,48,"Martin Solveig","Down 19"
"856",2013,48,"Omnia","Up 10"
"857",2014,48,"Coone","Down 3"
"858",2015,48,"Headhunterz","Down 8"
"859",2016,48,"Yellow Claw","Up 26"
"860",2017,48,"Kura","Up 3"
"861",2018,48,"Cat Dealers","Up 26"
"862",2019,48,"Adam Beyer","Up 31"
"863",2020,48,"Adam Beyer","Non Mover"
"864",2021,48,"Kygo","Down 20"
"865",2004,50,"Adam Beyer","Up 15"
"866",2005,52,"Timo Maas","Re-entry"
"867",2006,50,"Tiga","Down 6"
"868",2007,50,"James Holden","Up 3"
"869",2008,49,"Marco Lenzi","New Entry 14"
"870",2009,49,"Richard Durand","Up 49"
"871",2010,49,"James Zabiela","Down 11"
"872",2011,49,"Orjan Nilsen","New Entry"
"873",2012,49,"Brennan Heart","Up 49"
"874",2013,49,"Orjan Nilsen","Down 17"
"875",2014,49,"Infected Mushroom","Up 4"
"876",2015,49,"Coone","Down 1"
"877",2016,49,"MaRLo","Up42"
"878",2017,49,"Deadmau5","Down 18"
"879",2018,49,"ATB","Up 5"
"880",2019,49,"Mariana Bo","Up 19"
"881",2020,49,"Wolfpack","Down 11"
"882",2021,49,"Alison Wonderland","Down 2"
"883",2004,51,"Fatboy Slim","Down 8"
"884",2005,53,"Laurent Garnier","Down 8"
"885",2006,51,"Matt Darey","Up 40"
"886",2007,51,"Mark Knight","New Entry"
"887",2008,50,"Andy C","Up 17"
"888",2009,50,"Marco V","Down 6"
"889",2010,50,"Umek","Down 11"
"890",2011,50,"Andy Moor","Down 18"
"891",2012,50,"Tenishia","Up 41"
"892",2013,50,"Zatox","Down 14"
"893",2014,50,"Laidback Luke","Down 19"
"894",2015,50,"Vicetone","Down 14"
"895",2016,50,"Fedde Le Grand","Down 15"
"896",2017,50,"Nicky Romero","Down 21"
"897",2018,50,"Diego Miranda","Up 6"
"898",2019,50,"Zedd","Down 6"
"899",2020,50,"Paul van Dyk","Up 37"
"900",2021,50,"Jamie Jones","Up 18"
"901",2004,52,"John '00' Fleming","Down 25"
"902",2005,54,"Desyn Masiello","New Entry"
"903",2006,52,"Bob Sinclair","New Entry"
"904",2007,53,"Marco Bailey","Re-entry"
"905",2008,51,"Offer Nissim","Up 5"
"906",2009,51,"Kaskade","New Entry"
"907",2010,51,"Paul Oakenfold","Down 28"
"908",2011,51,"Roger Shah","Down 17"
"909",2012,51,"Zedd","New Entry"
"910",2013,51,"Gareth Emery","Down 37"
"911",2014,51,"Sander Van Doorn","Down 12"
"912",2015,51,"Richie Hawtin","Up 39"
"913",2016,51,"Kura","Up 10"
"914",2017,51,"Paul van Dyk","Up 9"
"915",2018,51,"Above & Beyond","Down 24"
"916",2019,51,"MATTN","Up 21"
"917",2020,51,"Diego Miranda","Up 4"
"918",2021,51,"VINAI","Down 12"
"919",2004,53,"Plump DJ's","Down 16"
"920",2005,55,"Victor Calderone","Up 11"
"921",2006,53,"James Holden","Down 16"
"922",2007,54,"Anderson Noise","Up 25"
"923",2008,52,"Martin Solveig","Up 20"
"924",2009,52,"tyDi","New Entry"
"925",2010,52,"Matt Darey","Up 2"
"926",2011,52,"John O'Callaghan","Down 19"
"927",2012,52,"Eric Prydz","Down 6"
"928",2013,52,"Bingo Players","Up 14"
"929",2014,52,"Dada Life","Down 17"
"930",2015,52,"Wolfpack","Up 32"
"931",2016,52,"Lost Stories","New Entry"
"932",2017,52,"Danny Avila","Re-entry"
"933",2018,52,"Jeffrey Sutorius","Down 32"
"934",2019,52,"Kygo","Down 20"
"935",2020,NA,"Cat Dealers","Down 6"
"936",2021,52,"Deadmau5","Up 12"
"937",2004,54,"David Morales","Up 28"
"938",2005,56,"Lisa Lashes","Down 26"
"939",2006,55,"Wrecked Machines","New Entry"
"940",2007,55,"Lange","Down 1"
"941",2008,53,"Adam Sheridan","New Entry 20"
"942",2009,53,"Erick Morillo","Up 17"
"943",2010,53,"Mark Knight","Up 8"
"944",2011,53,"Astrix","Up 6"
"945",2012,53,"Bobina","Down 9"
"946",2013,53,"Infected Mushroom","Down 10"
"947",2014,53,"Knife Party","Down 28"
"948",2015,53,"Brennan Heart","Down 6"
"949",2016,53,"Deorro","Down 25"
"950",2017,53,"Aly & Fila","Down 12"
"951",2018,53,"Carl Cox","Up 9"
"952",2019,53,"Claptone","Up 4"
"953",2020,53,"Ferry Corsten","Up 6"
"954",2021,53,"Miss K8","Up 1"
"955",2004,55,"Umek","Down 10"
"956",2005,57,"Johan Gielen","Down 29"
"957",2006,56,"Dion Mavath","New Entry"
"958",2007,56,"Offer Nissim","Down 27"
"959",2008,54,"Sean Tyas","New Entry 20"
"960",2009,54,"Matt Darey","Down 20"
"961",2010,54,"Richard Durand","Down 5"
"962",2011,54,"Erick Morillo","Down 6"
"963",2012,54,"Madeon","New Entry"
"964",2013,54,"Eric Prydz","Down 2"
"965",2014,54,"Dillon Francis","Up 19"
"966",2015,54,"Major Lazer","New Entry"
"967",2016,54,"Vintage Culture","New Entry"
"968",2017,54,"ATB","Up 7"
"969",2018,54,"Martin Jensen","Up 16"
"970",2019,54,"Mike Williams","Up 12"
"971",2020,54,"Miss K8","Up 15"
"972",2021,54,"Nina Kraviz","Up 12"
"973",2004,56,"Lee Burridge","Down 12"
"974",2005,58,"Matt Hardwick","Up 1"
"975",2006,56,"Dion Mavath","New Entry"
"976",2007,57,"Kyau & Albert","Down 9"
"977",2008,55,"DJ Feel","New Entry 20"
"978",2009,55,"Astrix","Down 12"
"979",2010,55,"Martin Solveig","Down 8"
"980",2011,55,"John Digweed","Down 26"
"981",2012,55,"John O'Callaghan","Down 3"
"982",2013,55,"Tommy Trash","Up 7"
"983",2014,55,"Yves V","New Entry"
"984",2015,55,"Porter Robinson","Up 2"
"985",2016,55,"Alan Walker","New Entry"
"986",2017,55,"Yves V","Up 7"
"987",2018,55,"Paul van Dyk","Down 4"
"988",2019,55,"Diego Miranda","Down 5"
"989",2020,55,"DVBBS","Down 32"
"990",2021,55,"Beauz","New Entry"
"991",2004,57,"Dave Seaman","Down 17"
"992",2005,59,"Misstress Barbara","Down 10"
"993",2006,57,"Pete Tong","Down 8"
"994",2007,58,"Justice","New Entry"
"995",2008,56,"Yahel","Down 28"
"996",2009,56,"Menno De Jong","Down 8"
"997",2010,56,"tyDi","Down 4"
"998",2011,56,"Wolfgang Gartner","Up 14"
"999",2012,56,"DJ Feel","Up 1"
"1000",2013,56,"Wildstylez","Down 15"
"1001",2014,56,"Firebeatz","New Entry"
"1002",2015,56,"Markus Schulz","Down 12"
"1003",2016,56,"Tom Swoon","Down 10"
"1004",2017,56,"Diego Miranda","Up 2"
"1005",2018,56,"Will Sparks","Up 27"
"1006",2019,56,"Yves V","Re-entry"
"1007",2020,56,"ATB","Down 17"
"1008",2021,56,"Will Sparks","Up 2"
"1009",2004,58,"Fergie","Down 35"
"1010",2005,60,"Fergie","Down 2"
"1011",2006,58,"Danny Tenaglia","Down 22"
"1012",2007,60,"Timo Maas","Up 3"
"1013",2008,57,"Roger Sanchez","Down 32"
"1014",2009,57,"The Thrillseekers","Down 12"
"1015",2010,57,"Hernan Cattaneo","Down 25"
"1016",2011,57,"DJ Feel","Down 16"
"1017",2012,57,"Steve Angello","Down 34"
"1018",2013,57,"Arty","Down 29"
"1019",2014,57,"Porter Robinson","Down 16"
"1020",2015,57,"Eric Prydz","Up 3"
"1021",2016,57,"Coone","Down 8"
"1022",2017,57,"Yellow Claw","Down 9"
"1023",2018,57,"Claptone","Up 12"
"1024",2019,57,"Will Sparks","Down 1"
"1025",2020,57,"REZZ","New Entry"
"1026",2021,57,"Ferry Corsten","Down 4"
"1027",2004,59,"Matt Hardwick","Up 5"
"1028",2005,61,"Armand Van Helden","Up 23"
"1029",2006,59,"George Acosta","New Entry"
"1030",2007,61,"Danny Howells","Up 6"
"1031",2008,58,"DJ Shah","New Entry 32"
"1032",2009,58,"Nick Warren","Up 26"
"1033",2010,58,"Sven Väth","Down 10"
"1034",2011,58,"Showtek","Up 33"
"1035",2012,58,"Omnia","New Entry"
"1036",2013,58,"R3hab","Up 15"
"1037",2014,58,"ATB","Down 25"
"1038",2015,58,"Diego Miranda","Up 12"
"1039",2016,58,"Diego Miranda","Non Mover"
"1040",2017,58,"Miss K8","Up 30"
"1041",2018,58,"Steve Angello","Up 24"
"1042",2019,58,"Steve Angello","Non Mover"
"1043",2020,58,"Will Sparks","Down 1"
"1044",2021,58,"Adam Beyer","Down 10"
"1045",2004,60,"Slacker","Re-entry"
"1046",2005,62,"Michel De Hey","Up 3"
"1047",2006,60,"Blank & Jones","Down 29"
"1048",2007,62,"Menno De Jong","Up 10"
"1049",2008,59,"Sander Kleinenberg","Down 24"
"1050",2009,59,"Dirty South","Up 15"
"1051",2010,59,"Astrix","Down 4"
"1052",2011,59,"Richard Durand","Down 5"
"1053",2012,59,"Umek","Up 1"
"1054",2013,59,"Madeon","Down 5"
"1055",2014,59,"Carl Cox","Down 13"
"1056",2015,59,"DJ Chetas","New Entry"
"1057",2016,59,"Brennan Heart","Down 6"
"1058",2017,59,"Brennan Heart","Non Mover"
"1059",2018,59,"Deadmau5","Down 10"
"1060",2019,59,"Ferry Corsten","Up 16"
"1061",2020,59,"Amelie Lens","New Entry"
"1062",2021,59,"Nora En Pure","Up 14"
"1063",2004,61,"DJ Luna","New Entry"
"1064",2005,63,"Fatboy Slim","Down 12"
"1065",2006,61,"DJ Sammy","Up 31"
"1066",2007,63,"Bob Sinclair","Down 11"
"1067",2008,60,"John O'Callaghan","New Entry 24"
"1068",2009,60,"Roger Sanchez","Down 3"
"1069",2010,60,"Super8 & Tab","Up 22"
"1070",2011,60,"Umek","Down 10"
"1071",2012,60,"Wolfgang Gartner","Down 4"
"1072",2013,60,"Vicetone","New Entry"
"1073",2014,60,"Eric Prydz","Down 6"
"1074",2015,60,"Danny Avila","New Entry"
"1075",2016,60,"Paul van Dyk","Down 19"
"1076",2017,60,"Mike Williams","New Entry"
"1077",2018,60,"Robin Schulz","Up 16"
"1078",2019,60,"Nina Kraviz","Up 37"
"1079",2020,60,"Boris Brejcha","Up 25"
"1080",2021,60,"Carta","Up 1"
"1081",2004,62,"M.I.K.E","Down 12"
"1082",2005,64,"Jeff Mills ","Down 17"
"1083",2006,62,"Joachim Garraud","New Entry"
"1084",2007,64,"John Acquaviva","Down42"
"1085",2008,61,"Blank & Jones","Down 24"
"1086",2009,61,"Mark Knight","Down 19"
"1087",2010,61,"Andy C","Up 39"
"1088",2011,61,"Skazi","Up 22"
"1089",2012,61,"AN21","Up 24"
"1090",2013,61,"Brennan Heart","Down 12"
"1091",2014,61,"Gabry Ponte","New Entry"
"1092",2015,61,"Kura","Down 19"
"1093",2016,61,"ATB","Up 21"
"1094",2017,61,"Dannic","Up 9"
"1095",2018,61,"Richie Hawtin","Up 19"
"1096",2019,61,"Alesso","Down 16"
"1097",2020,61,"Carta","Up 11"
"1098",2021,61,"Blasterjaxx","Up 9"
"1099",2004,63,"DJ Rush","Re-entryNextRanking "
"1100",2005,NA,NA,NA
"1101",2006,NA,NA,NA
"1102",2007,65,"Agnelli & Nelson","Up 33NextRanking "
"1103",2008,62,"Cosmic Gate","Re-entryNextRanking "
"1104",2009,62,"Wally Lopez","Up 13NextRanking "
"1105",2010,62,"Myon & Shane 54","Up 29NextRanking "
"1106",2011,62,"Paul Kalkbrenner","Up 22NextRanking "
"1107",2012,62,"Tommy Trash","New EntryNextRanking "
"1108",2013,62,"DJ Feel","Down 6NextRanking "
"1109",2014,62,"VINAI","New EntryNextRanking "
"1110",2015,62,"tchami","New EntryNextRanking "
"1111",2016,62,"Yves V","Down 28NextRanking "
"1112",2017,62,"Carl Cox","Up 12NextRanking "
"1113",2018,62,"Florian Picasso","Up 9NextRanking "
"1114",2019,62,"Breathe Carolina","Up 15NextRanking "
"1115",2020,62,"3 Are Legend","Up 8NextRanking "
"1116",2021,62,"Breathe Carolina","Up 1NextRanking "
"1117",2004,64,"Max Graham","Down 8"
"1118",2005,65,"DJ Rush","Down 2"
"1119",2006,63,"Timo Maas","Down 11"
"1120",2007,66,"Fatboy Slim","Up 14"
"1121",2008,63,"Steve Angello","Down 17"
"1122",2009,63,"Leon Bolier","Up 32"
"1123",2010,63,"Marcel Woods","Up 11"
"1124",2011,63,"Sasha","Down 36"
"1125",2012,63,"Francis Davila","Up 14"
"1126",2013,63,"Gunz For Hire","New Entry"
"1127",2014,63,"MAKJ","New Entry"
"1128",2015,63,"Carl Cox","Up 4"
"1129",2016,63,"Wolfpack","Down 11"
"1130",2017,63,"Carl Nunes","Up 23"
"1131",2018,63,"Swedish House Mafia","Re-entry"
"1132",2019,63,"FISHER","New Entry"
"1133",2020,63,"Breathe Carolina","Down 1"
"1134",2021,63,"Alesso","Down 18"
"1135",2004,NA,NA,NA
"1136",2005,66,"The Flash Brothers","Up 5"
"1137",2006,64,"Matt Hardwick","Down 6"
"1138",2007,67,"Andy C","Up 30"
"1139",2008,64,"Simon Patterson","New Entry 17"
"1140",2009,64,"Blank & Jones","Down 3"
"1141",2010,64,"Roger Sanchez","Down 4"
"1142",2011,64,"Eddie Halliwell","Down 17"
"1143",2012,64,"D-Block & S-te-Fan","Down 24"
"1144",2013,64,"Diplo","New Entry"
"1145",2014,64,"Radical Redemption","New Entry"
"1146",2015,64,"Laidback Luke","Down 14"
"1147",2016,64,"Dillon Francis","Up 3"
"1148",2017,64,"Lucas & Steve","New Entry"
"1149",2018,64,"Jay Hardway","Up 4"
"1150",2019,64,"Illenium","New Entry"
"1151",2020,64,"Deadmau5","Up 7"
"1152",2021,64,"Zedd","Down 29"
"1153",2004,NA,NA,NA
"1154",2005,67,"Adam Beyer","Down 17"
"1155",2006,65,"Frank T.R.A.X","Down 14"
"1156",2007,68,"Ricky Stone","Down 28"
"1157",2008,65,"Gabriel & Dresden","Down 42"
"1158",2009,65,"Justice","Up 8"
"1159",2010,65,"Wally Lopez","Down 3"
"1160",2011,65,"Moonbeam","Down 23"
"1161",2012,65,"Tritonal","Up 18"
"1162",2013,65,"Tenishia","Down 15"
"1163",2014,65,"DJ Snake","New Entry"
"1164",2015,65,"Disclosure","New Entry"
"1165",2016,65,"Andrew Rayel","Down 25"
"1166",2017,65,"Warface","New Entry"
"1167",2018,65,"Miss K8","Down 7"
"1168",2019,65,"Deorro","Up 24"
"1169",2020,65,"Ummet Ozcan","Down 33"
"1170",2021,65,"Pink Panda","Up 17"
"1171",2004,NA,NA,NA
"1172",2005,67,"Adam Beyer","Down 17"
"1173",2006,66,"Steve Angello","New Entry"
"1174",2007,69,"Donald Glaude","Down 23"
"1175",2008,66,"Richard Durand","Up 25"
"1176",2009,66,"Laurent Wolf","Up 1"
"1177",2010,66,"Mat Zo","New Entry"
"1178",2011,66,"Myon & Shane 54","Down 4"
"1179",2012,66,"Bingo Players","New Entry"
"1180",2013,66,"Noisecontrollers","Down 39"
"1181",2014,66,"Da Tweekaz","Up 20"
"1182",2015,66,"Firebeatz","Down 10"
"1183",2016,66,"Eric Prydz","Down 9"
"1184",2017,66,"Galantis","Down 27"
"1185",2018,66,"Mike Williams","Down 6"
"1186",2019,66,"Richie Hawtin","Down 5"
"1187",2020,66,"Nina Kraviz","Down 6"
"1188",2021,66,"Julian Jordan","Up 5"
"1189",2004,NA,NA,NA
"1190",2005,68,"Donald Glaude","Re-entry"
"1191",2006,67,"Danny Howells","Down 42"
"1192",2007,70,"Desyn Masiello","Non Mover"
"1193",2008,67,"Laurent Wolf","New Entry 25"
"1194",2009,67,"Astral Projection","Up 27"
"1195",2010,67,"Marco V","Down 17"
"1196",2011,67,"Judge Jules","Down 23"
"1197",2012,67,"Psyko Punkz","Up 11"
"1198",2013,67,"Mike Candys","Up 19"
"1199",2014,67,"Noisecontrollers","Down 1"
"1200",2015,67,"Dillon Francis","Down 13"
"1201",2016,67,"Felguk","Re-entry"
"1202",2017,67,"Da Tweekaz","Up 4"
"1203",2018,67,"Andrew Rayel","Up 12"
"1204",2019,67,"Diplo","Down 25"
"1205",2020,67,"Jamie Jones","New Entry"
"1206",2021,67,"MATTN","Down 25"
"1207",2004,NA,NA,NA
"1208",2005,69,"Dave Seaman","Down 12"
"1209",2006,68,"Simon Posford","New Entry"
"1210",2007,71,"Daft Punk","New Entry"
"1211",2008,68,"Matt Hardwick","Down 20"
"1212",2009,68,"Boys Noize","New Entry"
"1213",2010,68,"Leon Bolier","Down 5"
"1214",2011,68,"Matt Darey","Down 16"
"1215",2012,68,"Shogun","New Entry"
"1216",2013,68,"Antoine","New Entry"
"1217",2014,NA,"Carnage","New Entry"
"1218",2015,68,"Borgore","Down 27"
"1219",2016,68,"Radical Redemption","Up 4"
"1220",2017,68,"Jay Hardway","Up 21"
"1221",2018,68,"Mariana Bo","Up 16"
"1222",2019,68,"Da Tweekaz","Up 8"
"1223",2020,67,"Yellow Claw","Up 10"
"1224",2021,68,"Black Coffee","Up 23"
"1225",2004,NA,NA,NA
"1226",2005,70,"Andy C","Down 44"
"1227",2006,69,"John Graham","New Entry"
"1228",2007,72,"Martin Solveig","Re-entry"
"1229",2008,69,"Chris Liebing","Up 5"
"1230",2009,69,"Ronski Speed","Up 28"
"1231",2010,69,"Ronski Speed","Non Mover"
"1232",2011,69,"Paul Oakenfold","Down 18"
"1233",2012,69,"Paul Oakenfold","Non Mover"
"1234",2013,69,"MOSIMANN","Up 5"
"1235",2014,69,"Cosmic Gate","Up 11"
"1236",2015,69,"Daft Punk","Down 26"
"1237",2016,69,"Robin Schulz","Up 30"
"1238",2017,69,"Claptone","New Entry"
"1239",2018,69,"Radical Redemption","Down 25"
"1240",2019,69,"Miss K8","Down 4"
"1241",2020,69,"Peggy Gou","Up 11"
"1242",2021,69,"Panta Q","New Entry"
"1243",2004,NA,NA,NA
"1244",2005,71,"Chus & Ceballos","New Entry"
"1245",2006,70,"Desyn Masiello","Down 16"
"1246",2007,73,"BT","Non Mover"
"1247",2008,70,"Erick Morillo","Down 46"
"1248",2009,70,"Sander Kleinenberg","Down 11"
"1249",2010,70,"Wolfgang Gartner","New Entry"
"1250",2011,70,"Alesso","New Entry"
"1251",2012,70,"Benny Benassi","Down 43"
"1252",2013,70,"Project 46","Up 30"
"1253",2014,70,"Diego Miranda","Up 24"
"1254",2015,70,"Umek","Up 5"
"1255",2016,70,"Dannic","Down 44"
"1256",2017,70,"Martin Jensen","Up 12"
"1257",2018,70,"Brennan Heart","Down 11"
"1258",2019,70,"3 Are Legend","New Entry"
"1259",2020,70,"Blasterjaxx","Down 34"
"1260",2021,70,"Mike Williams","Up 20"
"1261",2004,NA,NA,NA
"1262",2005,72,"John '00' Fleming","Down 20"
"1263",2006,71,"Mauro Picotto","Down 43"
"1264",2007,74,"Chris Liebing","Down 24"
"1265",2008,71,"DJ Hype","Up 11"
"1266",2009,71,"Ricardo Villalobos","Down 35"
"1267",2010,71,"W&W","New Entry"
"1268",2011,71,"Mark Knight","Down 18"
"1269",2012,71,"tyDi","Down 23"
"1270",2013,71,"Blasterjaxx","New Entry"
"1271",2014,71,"Zatox","Down 21"
"1272",2015,71,"Tenishia","Up 2"
"1273",2016,71,"Da Tweekaz","Up 8"
"1274",2017,71,"Florian Picasso","Down 33"
"1275",2018,71,"Swanky Tunes","Up 28"
"1276",2019,71,"Deadmau5","Down 12"
"1277",2020,71,"Julian Jordan","Up 22"
"1278",2021,71,"Deniz Koyu","Up 1"
"1279",2004,NA,NA,NA
"1280",2005,73,"Satoshi Tomiie","Down 25"
"1281",2006,72,"Menno De Jong","New Entry"
"1282",2007,75,"Valentino Kanzyani","New Entry"
"1283",2008,72,"Signum","New Entry 11"
"1284",2009,72,"Chuckie","New Entry"
"1285",2010,72,"Boys Noize","Down 4"
"1286",2011,72,"Sean Tyas","Down 27"
"1287",2012,72,"Mat Zo","Up 1"
"1288",2013,72,"D-Block & S-te-Fan","Down 8"
"1289",2014,72,"MOSIMANN","Down 3"
"1290",2015,72,"Radical Redemption","Down 8"
"1291",2016,72,"Daft Punk","Down 3"
"1292",2017,72,"Vini Vici","New Entry"
"1293",2018,NA,"New Entry",NA
"1294",2019,72,"Carta","Up 1"
"1295",2020,72,"Deniz Koyu","Up 9"
"1296",2021,72,"Naeleck","New Entry"
"1297",2004,NA,NA,NA
"1298",2005,74,"DJ Tatana","New Entry"
"1299",2006,73,"BT","Up 9"
"1300",2007,76,"Trentemøller","New Entry"
"1301",2008,73,"Justice","Down 15"
"1302",2009,73,"Sharam","New Entry"
"1303",2010,73,"D-Block & S-te-Fan","New Entry"
"1304",2011,73,"Mat Zo","Down 7"
"1305",2012,73,"R3hab","New Entry"
"1306",2013,73,"Dillon Francis","New Entry"
"1307",2014,73,"Tenishia","Down 8"
"1308",2015,73,"Frontliner","Down 28"
"1309",2016,73,"Will Sparks","Up 5"
"1310",2017,73,"Jauz","Up 10"
"1311",2018,73,"Carta","Up 19"
"1312",2019,73,"Carl Nunes","Up 26"
"1313",2020,73,"Nora En Pure","New Entry"
"1314",2021,73,"Brennan Heart","Up 5"
"1315",2004,NA,NA,NA
"1316",2005,75,"Astrix","New Entry"
"1317",2006,74,"Scott K","New Entry"
"1318",2007,77,"Jeff Mills ","Re-entry"
"1319",2008,74,"Dirty South","Up 24"
"1320",2009,74,"Marcel Woods","Up 9"
"1321",2010,74,"Dubfire","Down 28"
"1322",2011,74,"Lange","Down 30"
"1323",2012,74,"MOSIMANN","New Entry"
"1324",2013,74,"Dannic","New Entry"
"1325",2014,74,"Gareth Emery","Down 23"
"1326",2015,74,"Borgeous","Up 13"
"1327",2016,74,"Carl Cox","Down 11"
"1328",2017,74,"Cat Dealers","New Entry"
"1329",2018,74,"Aly & Fila","Down 21"
"1330",2019,74,"Charlotte de Witte","New Entry"
"1331",2020,74,"Kura","Down 34"
"1332",2021,74,"Kura","Non Mover"
"1333",2004,NA,NA,NA
"1334",2005,76,"Lee Burridge","Down 20"
"1335",2006,75,"Tall Paul","Down 32"
"1336",2007,78,"John Graham","Down 9"
"1337",2008,75,"Wally Lopez","Up 20"
"1338",2009,75,"Lisa Lashes","Up 2"
"1339",2010,75,"Dirty South","Down 16"
"1340",2011,75,"Joachim Garraud","Down 32"
"1341",2012,75,"Wasted Penguinz","New Entry"
"1342",2013,75,"Adaro","New Entry"
"1343",2014,75,"Umek","Up 22"
"1344",2015,75,"Netsky","Re-entry"
"1345",2016,75,"Timmy Trumpet","New Entry"
"1346",2017,75,"Sam Feldt","Up 12"
"1347",2018,75,"Ferry Corsten","Up 15"
"1348",2019,75,"Warface","Re-entry"
"1349",2020,75,"Florian Picasso","Up 23"
"1350",2021,75,"Tom & Collins","Up 2"
"1351",2004,NA,NA,NA
"1352",2005,77,"M.I.K.E","Down 15"
"1353",2006,76,"M.I.K.E","Up 1"
"1354",2007,79,"Robbie Rivera","Up 17"
"1355",2008,76,"Magda","Up 11"
"1356",2009,76,"Moonbeam","New Entry"
"1357",2010,76,"John B","Up 16"
"1358",2011,76,"Simon Patterson","Down 48"
"1359",2012,76,"Dirty South","Up 17"
"1360",2013,76,"Richie Hawtin","Up 2"
"1361",2014,76,"Tiddey","Up 8"
"1362",2015,76,"Yellow Claw","New Entry"
"1363",2016,76,"Borgore","Down 8"
"1364",2017,76,"Robin Schulz","Down 7"
"1365",2018,76,"Da Tweekaz","Down 9"
"1366",2019,76,"Cedric Gervais","Up 11"
"1367",2020,76,"
Down 13",NA
"1368",2021,76,"Mr. Pig","Up 3"
"1369",2004,NA,NA,NA
"1370",2005,78,"Lady Dana","Down 49"
"1371",2006,77,"Filo & Peri","New Entry 77"
"1372",2007,80,"The Chemical Brothers","Re-entry"
"1373",2008,77,"Lisa Lashes","Up 6"
"1374",2009,77,"Rank 1","Re-entry"
"1375",2010,77,"Daniel Kandi","Up 10"
"1376",2011,77,"Francis Davila","New Entry"
"1377",2012,77,"Andrew Rayel","New Entry"
"1378",2013,77,"Martin Solveig","Down 29"
"1379",2014,77,"Zomboy","New Entry"
"1380",2015,77,"Chuckie","Re-entry"
"1381",2016,77,"Firebeatz","Down 11"
"1382",2017,77,"Andy C","Re-entry"
"1383",2018,77,"Breathe Carolina","New Entry"
"1384",2019,77,"Yellow Claw","Down 30"
"1385",2020,77,"Tom & Collins","Up 7"
"1386",2021,77,"FISHER","Down 1"
"1387",2004,NA,NA,NA
"1388",2005,80,"Nic Fanciulli","Up 8"
"1389",2006,78,"DJ Tarkan","New Entry"
"1390",2007,81,"Luciano","New Entry"
"1391",2008,78,"Pete Tong","Down 39"
"1392",2009,78,"Sébastien Léger","Up 11"
"1393",2010,78,"Arty","New Entry"
"1394",2011,78,"Psyko Punkz","New Entry"
"1395",2012,78,"Richie Hawtin","Down 33"
"1396",2013,78,"Felguk","Up 12"
"1397",2014,78,"DJ Bl3ND","Up 13"
"1398",2015,78,"Will Sparks","New Entry"
"1399",2016,78,"Tujamo","Up 17"
"1400",2017,78,"Carnage","Up 6"
"1401",2018,78,"Deniz Koyu ",""
"1402",2019,78,"Lucas & Steve","Up 14"
"1403",2020,78,"Brennan Heart","Re-entry"
"1404",2021,78,"Virtual Riot","New Entry"
"1405",2004,NA,NA,NA
"1406",2005,81,"Rank 1","Up 10"
"1407",2006,79,"Anderson Noise","New Entry"
"1408",2007,82,"Hype","Re-entry"
"1409",2008,79,"DJ Vibe","Down 39"
"1410",2009,79,"Marcus Schossow","New Entry"
"1411",2010,79,"BT","Re-entry"
"1412",2011,79,"Dimitri Vegas & Like Mike","New Entry"
"1413",2012,79,"Frontliner","New Entry"
"1414",2013,79,"Myon & Shane 54","Up 1"
"1415",2014,79,"Orjan Nilsen","Down 30"
"1416",2015,79,"Da Tweekaz","Down 13"
"1417",2016,79,"Laidback Luke","Down 15"
"1418",2017,79,"Andrew Rayel","Down 14"
"1419",2018,79,"Adam Beyer","Re-entry"
"1420",2019,79,"Andy C","Up 11"
"1421",2020,79,"Mr Pig","New Entry"
"1422",2021,79,"D.O.D","Up 4"
"1423",2004,NA,NA,NA
"1424",2005,82,"BT","Up 10"
"1425",2006,80,"Fatboy Slim","Down 17"
"1426",2007,83,"Lisa Lashes","Up 16"
"1427",2008,80,"Bad Boy Bill","Down 42"
"1428",2009,80,"Steve Lawler","Up 11"
"1429",2010,80,"Boy George","Re-entry"
"1430",2011,80,"Wildstylez","New Entry"
"1431",2012,80,"Myon & Shane 54","Down 29"
"1432",2013,80,"Cosmic Gate","Down 41"
"1433",2014,80,"TJR","New Entry"
"1434",2015,80,"Quintino","Up 6"
"1435",2016,80,"Markus Schulz","Down 24"
"1436",2017,80,"Richie Hawtin","Re-entry"
"1437",2018,80,"Daddy's Groove","Re-entry"
"1438",2019,80,"Peggy Gou","New Entry"
"1439",2020,80,"Radical Redemption","Re-entry"
"1440",2021,80,"Plastik Funk","Up 5"
"1441",2004,NA,NA,NA
"1442",2005,83,"Anne Savage","Down 4"
"1443",2006,80,"Fergie","Down 25"
"1444",2007,84,"Filo & Peri","Down 7"
"1445",2008,81,"Tiddey","New Entry 42"
"1446",2009,81,"Skazi","Re-entry"
"1447",2010,81,"Pete Tha Zouk","New Entry"
"1448",2011,81,"Roger Sanchez","Down 17"
"1449",2012,81,"Heatbeat","New Entry"
"1450",2013,81,"Heatbeat","Non Mover"
"1451",2014,81,"3lau","New Entry"
"1452",2015,81,"Krewella","Down 48"
"1453",2016,81,"Vicetone","Down 31"
"1454",2017,81,"Solomun","New Entry"
"1455",2018,81,"Mosimann","Up 12"
"1456",2019,81,"Deniz Koyu","Down 3"
"1457",2020,81,"Rave Republic","Up 13"
"1458",2021,81,"Green Velvet","Up 5"
"1459",2004,NA,NA,NA
"1460",2005,85,"Plump DJ's","Down 32"
"1461",2006,81,"Serge Devant","New Entry"
"1462",2007,85,"Lee Burridge","Up 3"
"1463",2008,82,"Greg Downey","New Entry 42"
"1464",2009,82,"Super8 & Tab","New Entry"
"1465",2010,82,"Fatboy Slim","Up 12"
"1466",2011,82,"Hernan Cattaneo","Down 25"
"1467",2012,82,"Thomas Gold","New Entry"
"1468",2013,82,"John O'Callaghan","Re-entry"
"1469",2014,82,"Don Diablo ","New Entry"
"1470",2015,82,"ATB","Down 24"
"1471",2016,82,"Martin Jensen","New Entry"
"1472",2017,82,"Steve Angello","Down 52"
"1473",2018,82,"tchami","Up 13"
"1474",2019,82,"Robin Schulz","Down 22"
"1475",2020,82,"Pink Panda","New Entry"
"1476",2021,82,"Burak Yeter","Up 7"
"1477",2004,NA,NA,NA
"1478",2005,86,"Miss Kitten","Down 10"
"1479",2006,82,"Umek","Down 3"
"1480",2007,86,"Armand Van Helden","Re-entry"
"1481",2008,83,"Marcel Woods"," New Entry 42"
"1482",2009,83,"Pete Tong 

Down 5",NA
"1483",2010,83,"Skazi","Down 2"
"1484",2011,83,"Tritonal","New Entry"
"1485",2012,83,"Nero","Up 5"
"1486",2013,83,"Wasted Penguinz","Down 8"
"1487",2014,83,"Madeon","Down 24"
"1488",2015,83,"MAKJ","Down 21"
"1489",2016,83,"Jauz","New Entry"
"1490",2017,83,"Will Sparks","Down 10"
"1491",2018,83,"NGHTMRE","New Entry"
"1492",2019,83,"Vicetone","Re-entry"
"1493",2020,83,"D.O.D","Up 13"
"1494",2021,83,"KAAZE","New Entry"
"1495",2004,NA,NA,NA
"1496",2005,87,"Felix Da Housecat","Down 14"
"1497",2006,86,"Tallah 2XLC","New Entry"
"1498",2007,87,"Magda","Re-entry"
"1499",2008,84,"Nick Warren","Down 37"
"1500",2009,84,"Tocadisco","Up 14"
"1501",2010,84,"Paul Kalkbrenner","New Entry"
"1502",2011,84,"DJ Vibe","Up 16"
"1503",2012,84,"Roger Shah","Down 33"
"1504",2013,84,"Tiddey","Re-entry"
"1505",2014,84,"Wolfpack","New Entry"
"1506",2015,84,"Kaskade","Down 38"
"1507",2016,84,"Carnage","Up 4"
"1508",2017,84,"Mariana Bo","New Entry"
"1509",2018,84,"DJ L","Up 14"
"1510",2019,84,"Tom & Collins","New Entry"
"1511",2020,84,"Swedish House Mafia","Down 42"
"1512",2021,84,"Aryue","Up 4"
"1513",2004,NA,NA,NA
"1514",2005,88,"Christian Cambas","New Entry"
"1515",2006,87,"Ronski Speed","Re-entry"
"1516",2007,88,"Dave Seaman","Up 7"
"1517",2008,85,"Solar System","New Entry 37"
"1518",2009,85,"Sied Van Riel","New Entry"
"1519",2010,85,"Pete Tong","Down 2"
"1520",2011,85,"AN21","New Entry"
"1521",2012,85,"Feed Me","New Entry"
"1522",2013,85,"Skazi","Re-entry"
"1523",2014,85,"Mike Candys","Down 18"
"1524",2015,85,"Ferry Corsten","Up 6"
"1525",2016,85,"Netsky","Down 10"
"1526",2017,85,"Black Coffee","New Entry"
"1527",2018,85,"Wildstylez","Re-entry"
"1528",2019,85,"Boris Brejcha","New Entry"
"1529",2020,85,"Plastik Funk","New Entry"
"1530",2021,85,"Cat Dealers","Down 33"
"1531",2004,NA,NA,NA
"1532",2005,89,"Scot Project","Re-entry"
"1533",2006,88,"Lee Burridge","Down 12"
"1534",2007,89,"Victor Calderone","Down 6"
"1535",2008,86,"Skazi","New Entry 37"
"1536",2009,86,"Tiga","Re-entry"
"1537",2010,86,"Bloody Beetroots","New Entry"
"1538",2011,86,"Bloody Beetroots","Non Mover"
"1539",2012,86,"Mike Candys","New Entry"
"1540",2013,86,"Da Tweekaz","Up 13"
"1541",2014,86,"Quintino","New Entry"
"1542",2015,86,"Flux Pavilion","New Entry"
"1543",2016,86,"Carl Nunes","New Entry"
"1544",2017,86,"Dillon Francis","Down 22"
"1545",2018,86,"Marco Carola","New Entry"
"1546",2019,86,"Marco Carola","Non Mover"
"1547",2020,86,"Green Velvet","New Entry"
"1548",2021,86,"Rave Republic","Down 5"
"1549",2004,NA,NA,NA
"1550",2005,90,"Cosmic Gate","Down 9"
"1551",2006,89,"Mario Piu","Down 51"
"1552",2007,90,"Dave Clarke","Up 10"
"1553",2008,87,"Mike Koglin","New Entry 37"
"1554",2009,87,"Daniel Kandi","New Entry"
"1555",2010,86,"Bloody Beetroots","New Entry"
"1556",2011,87,"Felguk","New Entry"
"1557",2012,87,"Andy Moor","Down 37"
"1558",2013,87,"Tenashar","New Entry"
"1559",2014,87,"Borgeous","New Entry"
"1560",2015,87,"Zatox","Down 16"
"1561",2016,87,"Sam Feldt","New Entry"
"1562",2017,87,"Flume","Up 7"
"1563",2018,87,"Cedric Gervais","New Entry"
"1564",2019,87,"Paul van Dyk","Down 32"
"1565",2020,87,"Sunnery James & Ryan Marciano","New Entry"
"1566",2021,87,"Sunnery James & Ryan Marciano","Non Mover"
"1567",2004,NA,NA,NA
"1568",2005,91,"Matt Darey","New Entry"
"1569",2006,90,"Axel Karakasis","New Entry"
"1570",2007,91,"Richard Durand","New Entry"
"1571",2008,88,"Mauro Picotto","Down 54"
"1572",2009,88,"Mike Koglin","Down 1"
"1573",2010,87,"Arnej","New Entry"
"1574",2011,88,"Nero","New Entry"
"1575",2012,88,"Ran-D","New Entry"
"1576",2013,88,"Bob Sinclair","Up 6"
"1577",2014,88,"Audien","New Entry"
"1578",2015,88,"Carnage","Down 20"
"1579",2016,88,"Miss K8","Up 6"
"1580",2017,88,"Shogun","Down 46"
"1581",2018,88,"MaRLo","Re-entry"
"1582",2019,88,"Solardo","New Entry"
"1583",2020,88,"Aryue","New Entry"
"1584",2021,88,"MaRLo","Re-entry"
"1585",2004,NA,NA,NA
"1586",2005,92,"DJ Sammy","New Entry"
"1587",2006,91,"Steve Porter","New Entry"
"1588",2007,92,"Westbam","New Entry"
"1589",2008,89,"Sébastien Léger","Up 4"
"1590",2009,89,"Luciano","Re-entry"
"1591",2010,88,"Joris Voorn","New Entry"
"1592",2011,89,"Juanjo Martin","New Entry"
"1593",2012,89,"Richard Durand","Down 30"
"1594",2013,89,"Benny Benassi","Down 19"
"1595",2014,89,"Boy George","Re-entry"
"1596",2015,89,"Robin Schulz","New Entry"
"1597",2016,89,"Jay Hardway","New Entry"
"1598",2017,89,"Alison Wonderland","New Entry"
"1599",2018,89,"Deorro","Re-entry"
"1600",2019,89,"Thomas Gold","Re-entry"
"1601",2020,89,"Burak Yeter","New Entry"
"1602",2021,89,"Tungevaag","Up 3"
"1603",2004,NA,NA,NA
"1604",2005,93,"Proteus","Down 3"
"1605",2006,92,"Yoji Biomehanika","Down 60"
"1606",2007,93,"Sébastien Léger","New Entry"
"1607",2008,90,"The Chemical Brothers","Down 10"
"1608",2009,90,"Yahel","Down 34"
"1609",2010,89,"Dada Life","New Entry"
"1610",2011,90,"Boy George","Down 10"
"1611",2012,90,"Felguk","Down 3"
"1612",2013,90,"Stafford Brothers","New Entry"
"1613",2014,90,"Richie Hawtin","Down 14"
"1614",2015,90,"Sander Van Doorn","Down 39"
"1615",2016,90,"Porter Robinson","Down 35"
"1616",2017,90,"Ferry Corsten","Up 9"
"1617",2018,90,"Andy C","Down 13"
"1618",2019,90,"Black Coffee","Re-entry"
"1619",2020,90,"Mike Williams","Down 36"
"1620",2021,90,"Giftback","New Entry"
"1621",2004,NA,NA,NA
"1622",2005,94,"DJ Luna","Down 33"
"1623",2006,NA,"New Entry",NA
"1624",2007,94,"Chus & Ceballos","Re-entry"
"1625",2008,91,"Steve Lawler","Down 49"
"1626",2009,91,"Myon & Shane 54","New Entry"
"1627",2010,90,"Noisecontrollers","New Entry"
"1628",2011,91,"Tenishia","New Entry"
"1629",2012,91,"Paul Kalkbrenner","Down 29"
"1630",2013,91,"Bl3nd","New Entry"
"1631",2014,91,"Ferry Corsten","Down 49"
"1632",2015,91,"MaRLo","New Entry"
"1633",2016,91,"Bobina","Re-entry"
"1634",2017,91,"Maceo Plex","New Entry"
"1635",2018,91,"Solomun","Down 10"
"1636",2019,91,"Paul Kalkbrenner","Up 4"
"1637",2020,91,"Black Coffee","Down 1"
"1638",2021,91,"Christina Novelli","New Entry"
"1639",2004,NA,NA,NA
"1640",2005,95,"Moshic","New Entry"
"1641",2006,94,"Stanton Warriors","Re-entry"
"1642",2007,95,"Wally Lopez","New Entry"
"1643",2008,92,"Fatboy Slim","Down 26"
"1644",2009,92,"John B","New Entry"
"1645",2010,91,"Showtek","Non Mover"
"1646",2011,92,"Sidney Samson","New Entry"
"1647",2012,92,"Moonbeam","Down 27"
"1648",2013,92,"Paul Oakenfold","Down 23"
"1649",2014,92,"Code Black","New Entry"
"1650",2015,92,"Andy C","Re-entry"
"1651",2016,92,"Zatox","Down 5"
"1652",2017,92,"Carta","New Entry"
"1653",2018,92,"Lucas & Steve","Down 28"
"1654",2019,92,"Daddy's Groove","Down 12"
"1655",2020,92,"Tungevaag","New Entry"
"1656",2021,92,"22Bullets","Up 6"
"1657",2004,NA,NA,NA
"1658",2005,96,"Max Graham","Down 32"
"1659",2006,95,"Dave Seaman","Down 26"
"1660",2007,97,"Adam Beyer","Re-entry"
"1661",2008,93,"Solarstone","New Entry 26"
"1662",2009,93,"Simon Posford","New Entry"
"1663",2010,92,"Laurent Wolf","Down 26"
"1664",2011,93,"Dirty South","Down 18"
"1665",2012,93,"Sean Tyas","Down 21"
"1666",2013,93,"Mat Zo","Down 21"
"1667",2014,93,"Heatbeat","Down 8"
"1668",2015,93,"MOSIMANN"," Down 22"
"1669",2016,93,"Dyro","Down 66"
"1670",2017,93,"MOSIMANN","Re-entry"
"1671",2018,93,"Markus Schulz","Re-entry"
"1672",2019,93,"Julian Jordan","Re-entry"
"1673",2020,93,"Deborah De Luca","New Entry"
"1674",2021,93,"KAKA","New Entry"
"1675",2004,NA,NA,NA
"1676",2005,97,"DJ Amadeus","New Entry"
"1677",2006,96,"Robbie Rivera","New Entry"
"1678",2007,99,"Erol Alkan","New Entry"
"1679",2008,94,"Astral Projection","New Entry 26"
"1680",2009,94,"Fatboy Slim","Down 2"
"1681",2010,93,"Claudia Cazacu","New Entry"
"1682",2011,94,"James Zabiela","Down 45"
"1683",2012,94,"Bob Sinclair","Down 61"
"1684",2013,94,"Diego Miranda","New Entry"
"1685",2014,94,"Merk & Kremont","New Entry"
"1686",2015,94,"Miss K8","New Entry"
"1687",2016,94,"Flume","New Entry"
"1688",2017,94,"Julian Jordan","New Entry"
"1689",2018,94,"Bobina","Re-entry"
"1690",2019,94,"Rave Republic","Up 4"
"1691",2020,94,"Mike Perry","New Entry"
"1692",2021,94,"Blastoyz","Up 3"
"1693",2004,NA,NA,NA
"1694",2005,98,"Gigi D'Agostino","Re-entry"
"1695",2006,97,"Andy C","Down 27"
"1696",2007,100,"Laurent Garnier","Re-entry"
"1697",2008,95,"Leon Bolier","New Entry 26"
"1698",2009,95,"Robbie Rivera","Re-entry"
"1699",2010,94,"Calvin Harris","New Entry"
"1700",2011,95,"Marcel Woods","Down 32"
"1701",2012,95,"Netsky","New Entry"
"1702",2013,95,"DJs From Mars","New Entry"
"1703",2014,95,"Wildstylez","Down 39"
"1704",2015,95,"Tujamo","New Entry"
"1705",2016,95,"Infected Mushroom","Re-entry"
"1706",2017,95,"tchami","Re-entry"
"1707",2018,95,"Paul Kalkbrenner","Up 2"
"1708",2019,95,"Sub Zero Project","New Entry"
"1709",2020,95,"ANNA","New Entry"
"1710",2021,95,"Florian Picasso","Down 20"
"1711",2004,NA,NA,NA
"1712",2005,99,"Marco Bailey","Down 3"
"1713",2006,98,"Agnelli & Nelson","New Entry"
"1714",2007,NA,NA,NA
"1715",2008,96,"Nic Fanciulli","Down 51"
"1716",2009,96,"Antoine Clamaran","New Entry"
"1717",2010,95,"Luciano","Down 6"
"1718",2011,96,"Porter Robinson","New Entry"
"1719",2012,96,"Neelix","New Entry"
"1720",2013,96,"Matt Darey","Re-entry"
"1721",2014,96,"Bingo Players","Down 44"
"1722",2015,96,"Mike Candys","Down 12"
"1723",2016,96,"Showtek","Down 59"
"1724",2017,96,"Porter Robinson","Down 6"
"1725",2018,96,"Alison Wonderland","Down 7"
"1726",2019,96,"D.O.D","New Entry"
"1727",2020,96,"Dimitri Vangelis & Wyman","New Entry"
"1728",2021,96,"Luminn","New Entry"
"1729",2004,NA,NA,NA
"1730",2005,100,"Magda","New Entry"
"1731",2006,99,"Lisa Lashes","Down 43"
"1732",2007,NA,NA,NA
"1733",2008,97,"Ronski Speed","Down 53"
"1734",2009,97,"Nic Fanciulli","Down 1"
"1735",2010,96,"Marcus Schossow","Down 17"
"1736",2011,97,"Sven Väth","Down 39"
"1737",2012,97,"Mark Knight","Down 27"
"1738",2013,97,"Umek","Down 38"
"1739",2014,97,"The Chainsmokers","New Entry"
"1740",2015,97,"Swanky Tunes","New Entry"
"1741",2016,97,"Daddy's Groove","New Entry"
"1742",2017,97,"Paul Kalkbrenner","Re-entry"
"1743",2018,97,"Nina Kraviz","New Entry"
"1744",2019,97,"Henri PFR","New Entry"
"1745",2020,97,"Blastoyz","New Entry"
"1746",2021,97,"Alexso","New Entry"
"1747",2004,NA,NA,NA
"1748",2005,NA,NA,NA
"1749",2006,100,"Dave Clarke","Down 64"
"1750",2007,NA,NA,NA
"1751",2008,98,"Tocadisco","New Entry 53"
"1752",2009,98,"Gui Boratto","New Entry"
"1753",2010,97,"Sied Van Riel","Down 12"
"1754",2011,98,"Brennan Heart","New Entry"
"1755",2012,98,"John Digweed","Down 43"
"1756",2013,98,"Solarstone","Re-entry"
"1757",2014,98,"John O'Callaghan","Down 16"
"1758",2015,98,"Galantis","New Entry"
"1759",2016,98,"Martin Solveig","Re-entry"
"1760",2017,98,"DJ L","New Entry"
"1761",2018,98,"Rave Republic","New Entry"
"1762",2019,98,"Florian Picasso","Down 36"
"1763",2020,98,"22Bullets","New Entry"
"1764",2021,98,"Daddy’s Groove","Re-entry"
"1765",2004,NA,NA,NA
"1766",2005,NA,NA,NA
"1767",2006,NA,NA,NA
"1768",2007,NA,NA,NA
"1769",2008,99,"Booka Shade","Down 3"
"1770",2009,99,"Alex M.O.R.P.H.","New Entry"
"1771",2010,98,"The Thrillseekers","Down 41"
"1772",2011,99,"Leon Bolier","Down 31"
"1773",2012,99,"Da Tweekaz","New Entry"
"1774",2013,99,"Ummet Ozcan","New Entry"
"1775",2014,99,"Arty","Down 42"
"1776",2015,99,"Cosmic Gate","Down 30"
"1777",2016,99,"Ferry Corsten","Down 14"
"1778",2017,99,"Swanky Tunes","Down 72"
"1779",2018,99,"Carl Nunes","Down 36"
"1780",2019,99,"Swanky Tunes","Down 28"
"1781",2020,99,"Robin Schulz","Down 17"
"1782",2021,99,"Dexter King","New Entry"
"1783",2004,NA,NA,NA
"1784",2005,NA,NA,NA
"1785",2006,NA,NA,NA
"1786",2007,NA,NA,NA
"1787",2008,100,"Alex Morph & Woody Van Eyden","New Entry 3"
"1788",2009,100,"Andy C","Down 50"
"1789",2010,99,"Justice","Down 34"
"1790",2011,100,"Boys Noize","Down 28"
"1791",2012,100,"Project 46","New Entry"
"1792",2013,100,"Ran-D","Down 12"
"1793",2014,100,"Felguk","Down 22"
"1794",2015,100,"Knife Party","Down 47"
"1795",2016,100,"DJ Feel","Re-entry"
"1796",2017,100,"Disclosure","Re-entry"
"1797",2018,100,"SLANDER","New Entry"
"1798",2019,100,"Solomun","Down 9"
"1799",2020,NA,"Marco Carola","Down 14"
"1800",2021,100,"VIZE","New Entry"
